{
  "version": "v1",
  "host": "https://adb-8905215052630889.9.azuredatabricks.net",
  "remote_path": "/Users/mayur.ingole@cipla.com/.ide/MLOPS-9dd0fd4d",
  "last_modified_times": {
    ".gitignore": "2023-07-20T13:43:54.0761389+05:30",
    "DataPipeline\\FinalLayer\\Coating.py": "2023-07-25T16:29:35.5720062+05:30",
    "DataPipeline\\FinalLayer\\Compression.py": "2023-07-28T09:42:54.7089312+05:30",
    "DataPipeline\\FinalLayer\\Granulation.py": "2023-07-28T16:16:58.3339229+05:30",
    "DataPipeline\\FinalLayer\\__init__.py": "2023-06-23T16:34:00.274967+05:30",
    "DataPipeline\\FinalLayer\\__pycache__\\FinalLayerPipeline.cpython-39.pyc": "2023-06-23T16:34:00.2771679+05:30",
    "DataPipeline\\ProcessedLayer\\ProcessedAPQR.py": "2023-07-19T14:18:45.5787811+05:30",
    "DataPipeline\\ProcessedLayer\\ProcessedBMRCompression.py": "2023-06-29T12:52:16.4875641+05:30",
    "DataPipeline\\ProcessedLayer\\ProcessedBMRGranulation.py": "2023-06-29T12:03:35.2456373+05:30",
    "DataPipeline\\ProcessedLayer\\ProcessedScadaAutomate.py": "2023-07-31T10:24:51.6271902+05:30",
    "DataPipeline\\ProcessedLayer\\ProcessedScadaManual.py": "2023-07-03T10:04:11.1158535+05:30",
    "DataPipeline\\ProcessedLayer\\__init__.py": "2023-06-23T16:34:00.2827609+05:30",
    "DataPipeline\\RawLayer\\Raw_APQR.py": "2023-06-29T12:03:35.249605+05:30",
    "DataPipeline\\RawLayer\\Raw_BMR_Compression.py": "2023-06-29T12:03:35.2520553+05:30",
    "DataPipeline\\RawLayer\\Raw_BMR_Granulation.py": "2023-06-29T12:03:35.2551625+05:30",
    "DataPipeline\\RawLayer\\Raw_HMI.py": "2023-08-08T10:40:00.9991441+05:30",
    "DataPipeline\\RawLayer\\Raw_Ryield.py": "2023-07-19T14:18:45.5889433+05:30",
    "DataPipeline\\RawLayer\\Scada_Automate.py": "2023-07-28T16:18:41.0908778+05:30",
    "DataPipeline\\RawLayer\\Scada_Manual.py": "2023-07-03T10:04:11.1214208+05:30",
    "DataPipeline\\RawLayer\\__init__.py": "2023-06-23T16:34:00.28976+05:30",
    "DataPipeline\\RawLayer\\__pycache__\\Raw_BMR_Granulation.cpython-39.pyc": "2023-06-23T16:34:00.2907551+05:30",
    "DataPipeline\\RawLayer\\__pycache__\\Raw_HMI.cpython-39.pyc": "2023-07-10T10:40:07.2596458+05:30",
    "DataPipeline\\RawLayer\\__pycache__\\__init__.cpython-39.pyc": "2023-07-10T10:40:07.2626614+05:30",
    "DataPipeline\\SQLConnection.py": "2023-07-28T16:19:33.9371134+05:30",
    "DataPipeline\\Schemas.py": "2023-07-19T14:18:45.5952697+05:30",
    "DataPipeline\\TableColumn.py": "2023-07-03T10:04:11.1259502+05:30",
    "DataPipeline\\TransactionLog.py": "2023-07-21T15:45:57.3534654+05:30",
    "DataPipeline\\__init__.py": "2023-06-23T16:34:00.3041329+05:30",
    "DataPipeline\\__pycache__\\SQLConnection.cpython-39.pyc": "2023-07-04T10:17:01.0133523+05:30",
    "DataPipeline\\__pycache__\\Schemas.cpython-39.pyc": "2023-07-04T10:17:01.0144851+05:30",
    "DataPipeline\\__pycache__\\TableColumn.cpython-39.pyc": "2023-07-04T10:17:01.0154963+05:30",
    "DataPipeline\\__pycache__\\__init__.cpython-39.pyc": "2023-07-10T10:40:07.267642+05:30",
    "DataPipeline\\__pycache__\\main.cpython-39.pyc": "2023-07-10T10:40:07.2700725+05:30",
    "DataPipeline\\__pycache__\\utils.cpython-39.pyc": "2023-07-10T10:40:07.2733858+05:30",
    "DataPipeline\\layers.txt": "2023-07-10T10:40:07.2762946+05:30",
    "DataPipeline\\main.py": "2023-07-26T08:46:52.1809338+05:30",
    "DataPipeline\\mappingtable.py": "2023-06-27T11:48:47.008796+05:30",
    "DataPipeline\\utils.py": "2023-07-26T17:47:58.641367+05:30",
    "README.md": "2023-06-27T09:24:39.9997187+05:30",
    "build\\lib\\DataPipeline\\FinalLayer\\Coating.py": "2023-07-25T16:29:35+05:30",
    "build\\lib\\DataPipeline\\FinalLayer\\Compression.py": "2023-07-28T09:42:54+05:30",
    "build\\lib\\DataPipeline\\FinalLayer\\Granulation.py": "2023-07-28T16:16:58+05:30",
    "build\\lib\\DataPipeline\\FinalLayer\\__init__.py": "2023-07-10T10:40:07.2951009+05:30",
    "build\\lib\\DataPipeline\\ProcessedLayer\\ProcessedAPQR.py": "2023-07-19T14:18:45+05:30",
    "build\\lib\\DataPipeline\\ProcessedLayer\\ProcessedBMRCompression.py": "2023-07-10T10:40:07.2996421+05:30",
    "build\\lib\\DataPipeline\\ProcessedLayer\\ProcessedBMRGranulation.py": "2023-07-10T10:40:07.3016352+05:30",
    "build\\lib\\DataPipeline\\ProcessedLayer\\ProcessedScadaAutomate.py": "2023-07-31T10:24:51+05:30",
    "build\\lib\\DataPipeline\\ProcessedLayer\\ProcessedScadaManual.py": "2023-07-10T10:40:07.3050732+05:30",
    "build\\lib\\DataPipeline\\ProcessedLayer\\__init__.py": "2023-07-10T10:40:07.3061068+05:30",
    "build\\lib\\DataPipeline\\RawLayer\\Raw_APQR.py": "2023-07-10T10:40:07.3086578+05:30",
    "build\\lib\\DataPipeline\\RawLayer\\Raw_BMR_Compression.py": "2023-07-10T10:40:07.3117398+05:30",
    "build\\lib\\DataPipeline\\RawLayer\\Raw_BMR_Granulation.py": "2023-07-10T10:40:07.3148818+05:30",
    "build\\lib\\DataPipeline\\RawLayer\\Raw_HMI.py": "2023-08-08T10:40:00+05:30",
    "build\\lib\\DataPipeline\\RawLayer\\Raw_Ryield.py": "2023-07-19T14:18:45+05:30",
    "build\\lib\\DataPipeline\\RawLayer\\Scada_Automate.py": "2023-07-28T16:18:41+05:30",
    "build\\lib\\DataPipeline\\RawLayer\\Scada_Manual.py": "2023-07-10T10:40:07.3204008+05:30",
    "build\\lib\\DataPipeline\\RawLayer\\__init__.py": "2023-07-10T10:40:07.3213968+05:30",
    "build\\lib\\DataPipeline\\SQLConnection.py": "2023-07-28T16:19:33+05:30",
    "build\\lib\\DataPipeline\\Schemas.py": "2023-07-19T14:18:45+05:30",
    "build\\lib\\DataPipeline\\TableColumn.py": "2023-07-10T10:40:07.3297447+05:30",
    "build\\lib\\DataPipeline\\TransactionLog.py": "2023-07-21T15:45:57+05:30",
    "build\\lib\\DataPipeline\\__init__.py": "2023-07-10T10:40:07.3341084+05:30",
    "build\\lib\\DataPipeline\\main.py": "2023-07-26T08:46:52+05:30",
    "build\\lib\\DataPipeline\\mappingtable.py": "2023-07-10T10:40:07.3388802+05:30",
    "build\\lib\\DataPipeline\\utils.py": "2023-07-26T17:47:58+05:30",
    "build\\lib\\ciplibrary_model\\DataTypes.py": "2023-07-28T12:21:17+05:30",
    "build\\lib\\ciplibrary_model\\EDA.py": "2023-08-07T15:18:07+05:30",
    "build\\lib\\ciplibrary_model\\OEE_Compression_PreProcessing\\APQRFlatFile.py": "2023-07-10T10:40:07.3505712+05:30",
    "build\\lib\\ciplibrary_model\\OEE_Compression_PreProcessing\\HMIFlatFile.py": "2023-07-10T10:40:07.3520645+05:30",
    "build\\lib\\ciplibrary_model\\OEE_Compression_PreProcessing\\OEECompressionPreProcessing.py": "2023-07-10T10:40:07.3540835+05:30",
    "build\\lib\\ciplibrary_model\\OEE_Compression_PreProcessing\\__init__.py": "2023-07-10T10:40:07.3550845+05:30",
    "build\\lib\\ciplibrary_model\\PDP_Plot_Code.py": "2023-08-07T14:48:49+05:30",
    "build\\lib\\ciplibrary_model\\SQLConnection_DS.py": "2023-07-10T10:40:07.3596523+05:30",
    "build\\lib\\ciplibrary_model\\__init__.py": "2023-07-10T10:40:07.3606488+05:30",
    "build\\lib\\ciplibrary_model\\assign_variables.py": "2023-08-07T10:28:40+05:30",
    "build\\lib\\ciplibrary_model\\coating_function.py": "2023-08-07T15:49:49+05:30",
    "build\\lib\\ciplibrary_model\\compression_function.py": "2023-07-10T10:40:07.3697405+05:30",
    "build\\lib\\ciplibrary_model\\dataframe_creation.py": "2023-08-04T14:26:00+05:30",
    "build\\lib\\ciplibrary_model\\granulation_functions.py": "2023-08-07T17:21:44+05:30",
    "build\\lib\\ciplibrary_model\\model_building.py": "2023-08-02T15:52:31+05:30",
    "build\\lib\\ciplibrary_model\\model_building_updated.py": "2023-08-07T15:09:58+05:30",
    "build\\lib\\ciplibrary_model\\pegasus.py": "2023-08-07T15:35:57+05:30",
    "build\\lib\\ciplibrary_model\\plots.py": "2023-08-07T10:51:34+05:30",
    "build\\lib\\ciplibrary_model\\sql_logging\\Model_Ranges.py": "2023-07-10T10:40:07.3880649+05:30",
    "build\\lib\\ciplibrary_model\\sql_logging\\__init__.py": "2023-07-10T10:40:07.3890641+05:30",
    "build\\lib\\ciplibrary_model\\sql_logging\\sqlLogger.py": "2023-07-10T10:40:07.390161+05:30",
    "build\\lib\\ciplibrary_model\\utils.py": "2023-07-10T10:40:07.3940325+05:30",
    "ciplibrary_model.egg-info\\PKG-INFO": "2023-08-08T10:44:39.4161427+05:30",
    "ciplibrary_model.egg-info\\SOURCES.txt": "2023-08-08T10:44:39.544074+05:30",
    "ciplibrary_model.egg-info\\dependency_links.txt": "2023-08-08T10:44:39.4171425+05:30",
    "ciplibrary_model.egg-info\\top_level.txt": "2023-08-08T10:44:39.4279276+05:30",
    "ciplibrary_model\\Adherance\\AdheranceCalculation.py": "2023-06-23T16:34:00.3126565+05:30",
    "ciplibrary_model\\Adherance\\functions.py": "2023-06-23T16:34:00.3146591+05:30",
    "ciplibrary_model\\DataTypes.py": "2023-07-28T12:21:17.1028197+05:30",
    "ciplibrary_model\\EDA.py": "2023-08-07T15:18:07.4819579+05:30",
    "ciplibrary_model\\OEE_Compression_PreProcessing\\APQRFlatFile.py": "2023-06-23T16:34:00.3206539+05:30",
    "ciplibrary_model\\OEE_Compression_PreProcessing\\Final_code_file.ipynb": "2023-06-23T16:34:00.3216548+05:30",
    "ciplibrary_model\\OEE_Compression_PreProcessing\\HMIFlatFile.py": "2023-06-23T16:34:00.3226538+05:30",
    "ciplibrary_model\\OEE_Compression_PreProcessing\\OEECompressionPreProcessing.py": "2023-06-23T16:34:00.3236542+05:30",
    "ciplibrary_model\\OEE_Compression_PreProcessing\\__init__.py": "2023-06-23T16:34:00.3246564+05:30",
    "ciplibrary_model\\PDP_Plot_Code.py": "2023-08-07T14:48:49.5730255+05:30",
    "ciplibrary_model\\SQLConnection_DS.py": "2023-06-23T16:34:00.3256557+05:30",
    "ciplibrary_model\\Untitled.ipynb": "2023-08-07T17:18:05.2192389+05:30",
    "ciplibrary_model\\Untitled1.ipynb": "2023-06-23T16:34:00.3286598+05:30",
    "ciplibrary_model\\Untitled10.ipynb": "2023-06-23T16:34:00.3296602+05:30",
    "ciplibrary_model\\__init__.py": "2023-06-23T16:34:00.3306624+05:30",
    "ciplibrary_model\\__pycache__\\DataTypes.cpython-39.pyc": "2023-06-23T16:39:04.3226141+05:30",
    "ciplibrary_model\\__pycache__\\EDA.cpython-39.pyc": "2023-06-23T16:39:04.3423193+05:30",
    "ciplibrary_model\\__pycache__\\PDP_Plot_Code.cpython-39.pyc": "2023-06-23T16:39:07.0889193+05:30",
    "ciplibrary_model\\__pycache__\\SQLConnection_DS.cpython-39.pyc": "2023-06-23T16:39:07.0962189+05:30",
    "ciplibrary_model\\__pycache__\\__init__.cpython-39.pyc": "2023-06-23T16:38:45.6666145+05:30",
    "ciplibrary_model\\__pycache__\\assign_variables.cpython-39.pyc": "2023-06-23T16:38:45.7007884+05:30",
    "ciplibrary_model\\__pycache__\\coating_function.cpython-39.pyc": "2023-06-23T16:34:00.336657+05:30",
    "ciplibrary_model\\__pycache__\\compression_function.cpython-39.pyc": "2023-06-23T16:34:00.3386559+05:30",
    "ciplibrary_model\\__pycache__\\dataframe_creation.cpython-39.pyc": "2023-06-23T16:39:04.3185794+05:30",
    "ciplibrary_model\\__pycache__\\granulation_functions.cpython-39.pyc": "2023-06-23T16:39:04.3310478+05:30",
    "ciplibrary_model\\__pycache__\\model_building.cpython-39.pyc": "2023-06-23T16:39:04.3495909+05:30",
    "ciplibrary_model\\__pycache__\\pegasus.cpython-39.pyc": "2023-06-23T16:38:45.6877064+05:30",
    "ciplibrary_model\\__pycache__\\utils.cpython-39.pyc": "2023-06-23T16:39:04.3335654+05:30",
    "ciplibrary_model\\application_logging\\__pycache__\\logger.cpython-39.pyc": "2023-06-23T16:34:00.3476605+05:30",
    "ciplibrary_model\\application_logging\\logger.py": "2023-06-23T16:34:00.3486619+05:30",
    "ciplibrary_model\\assign_variables.py": "2023-08-08T11:22:48.5777077+05:30",
    "ciplibrary_model\\ciplibrary\\apifunctions.py": "2023-06-23T16:34:00.3526616+05:30",
    "ciplibrary_model\\ciplibrary\\compressionfunctions.py": "2023-06-23T16:34:00.3536626+05:30",
    "ciplibrary_model\\ciplibrary\\dataengineeringfunctions.py": "2023-06-23T16:34:00.3566637+05:30",
    "ciplibrary_model\\ciplibrary\\granulationfunctions.py": "2023-06-23T16:34:00.3576589+05:30",
    "ciplibrary_model\\ciplibrary\\pegasusfunctions.py": "2023-06-23T16:34:00.359662+05:30",
    "ciplibrary_model\\ciplibrary\\yieldfunctions.py": "2023-06-23T16:34:00.3616599+05:30",
    "ciplibrary_model\\coating_function.py": "2023-08-07T15:49:49.4240145+05:30",
    "ciplibrary_model\\compression_function.py": "2023-06-23T16:34:00.366657+05:30",
    "ciplibrary_model\\dataframe_creation.py": "2023-08-04T14:26:00.2222837+05:30",
    "ciplibrary_model\\design.txt": "2023-07-27T09:58:55.1912568+05:30",
    "ciplibrary_model\\granulation_functions.py": "2023-08-07T17:21:44.9443076+05:30",
    "ciplibrary_model\\model_building.py": "2023-08-02T15:52:31.3468479+05:30",
    "ciplibrary_model\\model_building_updated.py": "2023-08-07T15:09:58.5211832+05:30",
    "ciplibrary_model\\pegasus.py": "2023-08-07T15:35:57.0197479+05:30",
    "ciplibrary_model\\plots.py": "2023-08-07T10:51:34.0123589+05:30",
    "ciplibrary_model\\sql_logging\\Model_Ranges.py": "2023-06-23T16:34:00.3764381+05:30",
    "ciplibrary_model\\sql_logging\\__init__.py": "2023-06-23T16:34:00.3774383+05:30",
    "ciplibrary_model\\sql_logging\\__pycache__\\__init__.cpython-39.pyc": "2023-06-23T16:34:00.3784408+05:30",
    "ciplibrary_model\\sql_logging\\__pycache__\\sqlLogger.cpython-39.pyc": "2023-06-23T16:34:00.3804433+05:30",
    "ciplibrary_model\\sql_logging\\sqlLogger.py": "2023-06-23T16:34:00.3824617+05:30",
    "ciplibrary_model\\training_logs\\training_logs1.txt": "2023-06-23T16:34:00.3834395+05:30",
    "ciplibrary_model\\utils.py": "2023-06-23T16:34:00.3844397+05:30",
    "config.yml": "2023-07-19T14:18:45.608092+05:30",
    "dist\\ciplibrary_model-4.2.3-py3-none-any.whl": "2023-08-08T10:44:40.8903709+05:30",
    "dist\\ciplibrary_model-4.8.8-py3-none-any.whl": "2023-07-24T12:22:01.2418962+05:30",
    "dist\\ciplibrary_model-4.8.9-py3-none-any.whl": "2023-07-25T15:44:59.7294919+05:30",
    "dist\\ciplibrary_model-4.9.1-py3-none-any.whl": "2023-07-26T08:49:45.6857682+05:30",
    "dist\\ciplibrary_model-4.9.2-py3-none-any.whl": "2023-07-26T10:59:37.9971124+05:30",
    "dist\\ciplibrary_model-4.9.4-py3-none-any.whl": "2023-07-27T10:59:04.378329+05:30",
    "dist\\ciplibrary_model-4.9.6-py3-none-any.whl": "2023-07-28T16:21:00.2717075+05:30",
    "setup.py": "2023-08-08T10:44:25.8743704+05:30",
    "test.py": "2023-08-09T12:22:13.4671314+05:30",
    "test_DE.py": "2023-08-02T14:27:42.4014249+05:30"
  },
  "local_to_remote_names": {
    ".gitignore": ".gitignore",
    "DataPipeline\\FinalLayer\\Coating.py": "DataPipeline/FinalLayer/Coating.py",
    "DataPipeline\\FinalLayer\\Compression.py": "DataPipeline/FinalLayer/Compression.py",
    "DataPipeline\\FinalLayer\\Granulation.py": "DataPipeline/FinalLayer/Granulation.py",
    "DataPipeline\\FinalLayer\\__init__.py": "DataPipeline/FinalLayer/__init__.py",
    "DataPipeline\\FinalLayer\\__pycache__\\FinalLayerPipeline.cpython-39.pyc": "DataPipeline/FinalLayer/__pycache__/FinalLayerPipeline.cpython-39.pyc",
    "DataPipeline\\ProcessedLayer\\ProcessedAPQR.py": "DataPipeline/ProcessedLayer/ProcessedAPQR.py",
    "DataPipeline\\ProcessedLayer\\ProcessedBMRCompression.py": "DataPipeline/ProcessedLayer/ProcessedBMRCompression.py",
    "DataPipeline\\ProcessedLayer\\ProcessedBMRGranulation.py": "DataPipeline/ProcessedLayer/ProcessedBMRGranulation.py",
    "DataPipeline\\ProcessedLayer\\ProcessedScadaAutomate.py": "DataPipeline/ProcessedLayer/ProcessedScadaAutomate.py",
    "DataPipeline\\ProcessedLayer\\ProcessedScadaManual.py": "DataPipeline/ProcessedLayer/ProcessedScadaManual.py",
    "DataPipeline\\ProcessedLayer\\__init__.py": "DataPipeline/ProcessedLayer/__init__.py",
    "DataPipeline\\RawLayer\\Raw_APQR.py": "DataPipeline/RawLayer/Raw_APQR.py",
    "DataPipeline\\RawLayer\\Raw_BMR_Compression.py": "DataPipeline/RawLayer/Raw_BMR_Compression.py",
    "DataPipeline\\RawLayer\\Raw_BMR_Granulation.py": "DataPipeline/RawLayer/Raw_BMR_Granulation.py",
    "DataPipeline\\RawLayer\\Raw_HMI.py": "DataPipeline/RawLayer/Raw_HMI.py",
    "DataPipeline\\RawLayer\\Raw_Ryield.py": "DataPipeline/RawLayer/Raw_Ryield.py",
    "DataPipeline\\RawLayer\\Scada_Automate.py": "DataPipeline/RawLayer/Scada_Automate.py",
    "DataPipeline\\RawLayer\\Scada_Manual.py": "DataPipeline/RawLayer/Scada_Manual.py",
    "DataPipeline\\RawLayer\\__init__.py": "DataPipeline/RawLayer/__init__.py",
    "DataPipeline\\RawLayer\\__pycache__\\Raw_BMR_Granulation.cpython-39.pyc": "DataPipeline/RawLayer/__pycache__/Raw_BMR_Granulation.cpython-39.pyc",
    "DataPipeline\\RawLayer\\__pycache__\\Raw_HMI.cpython-39.pyc": "DataPipeline/RawLayer/__pycache__/Raw_HMI.cpython-39.pyc",
    "DataPipeline\\RawLayer\\__pycache__\\__init__.cpython-39.pyc": "DataPipeline/RawLayer/__pycache__/__init__.cpython-39.pyc",
    "DataPipeline\\SQLConnection.py": "DataPipeline/SQLConnection.py",
    "DataPipeline\\Schemas.py": "DataPipeline/Schemas.py",
    "DataPipeline\\TableColumn.py": "DataPipeline/TableColumn.py",
    "DataPipeline\\TransactionLog.py": "DataPipeline/TransactionLog.py",
    "DataPipeline\\__init__.py": "DataPipeline/__init__.py",
    "DataPipeline\\__pycache__\\SQLConnection.cpython-39.pyc": "DataPipeline/__pycache__/SQLConnection.cpython-39.pyc",
    "DataPipeline\\__pycache__\\Schemas.cpython-39.pyc": "DataPipeline/__pycache__/Schemas.cpython-39.pyc",
    "DataPipeline\\__pycache__\\TableColumn.cpython-39.pyc": "DataPipeline/__pycache__/TableColumn.cpython-39.pyc",
    "DataPipeline\\__pycache__\\__init__.cpython-39.pyc": "DataPipeline/__pycache__/__init__.cpython-39.pyc",
    "DataPipeline\\__pycache__\\main.cpython-39.pyc": "DataPipeline/__pycache__/main.cpython-39.pyc",
    "DataPipeline\\__pycache__\\utils.cpython-39.pyc": "DataPipeline/__pycache__/utils.cpython-39.pyc",
    "DataPipeline\\layers.txt": "DataPipeline/layers.txt",
    "DataPipeline\\main.py": "DataPipeline/main.py",
    "DataPipeline\\mappingtable.py": "DataPipeline/mappingtable.py",
    "DataPipeline\\utils.py": "DataPipeline/utils.py",
    "README.md": "README.md",
    "build\\lib\\DataPipeline\\FinalLayer\\Coating.py": "build/lib/DataPipeline/FinalLayer/Coating.py",
    "build\\lib\\DataPipeline\\FinalLayer\\Compression.py": "build/lib/DataPipeline/FinalLayer/Compression.py",
    "build\\lib\\DataPipeline\\FinalLayer\\Granulation.py": "build/lib/DataPipeline/FinalLayer/Granulation.py",
    "build\\lib\\DataPipeline\\FinalLayer\\__init__.py": "build/lib/DataPipeline/FinalLayer/__init__.py",
    "build\\lib\\DataPipeline\\ProcessedLayer\\ProcessedAPQR.py": "build/lib/DataPipeline/ProcessedLayer/ProcessedAPQR.py",
    "build\\lib\\DataPipeline\\ProcessedLayer\\ProcessedBMRCompression.py": "build/lib/DataPipeline/ProcessedLayer/ProcessedBMRCompression.py",
    "build\\lib\\DataPipeline\\ProcessedLayer\\ProcessedBMRGranulation.py": "build/lib/DataPipeline/ProcessedLayer/ProcessedBMRGranulation.py",
    "build\\lib\\DataPipeline\\ProcessedLayer\\ProcessedScadaAutomate.py": "build/lib/DataPipeline/ProcessedLayer/ProcessedScadaAutomate.py",
    "build\\lib\\DataPipeline\\ProcessedLayer\\ProcessedScadaManual.py": "build/lib/DataPipeline/ProcessedLayer/ProcessedScadaManual.py",
    "build\\lib\\DataPipeline\\ProcessedLayer\\__init__.py": "build/lib/DataPipeline/ProcessedLayer/__init__.py",
    "build\\lib\\DataPipeline\\RawLayer\\Raw_APQR.py": "build/lib/DataPipeline/RawLayer/Raw_APQR.py",
    "build\\lib\\DataPipeline\\RawLayer\\Raw_BMR_Compression.py": "build/lib/DataPipeline/RawLayer/Raw_BMR_Compression.py",
    "build\\lib\\DataPipeline\\RawLayer\\Raw_BMR_Granulation.py": "build/lib/DataPipeline/RawLayer/Raw_BMR_Granulation.py",
    "build\\lib\\DataPipeline\\RawLayer\\Raw_HMI.py": "build/lib/DataPipeline/RawLayer/Raw_HMI.py",
    "build\\lib\\DataPipeline\\RawLayer\\Raw_Ryield.py": "build/lib/DataPipeline/RawLayer/Raw_Ryield.py",
    "build\\lib\\DataPipeline\\RawLayer\\Scada_Automate.py": "build/lib/DataPipeline/RawLayer/Scada_Automate.py",
    "build\\lib\\DataPipeline\\RawLayer\\Scada_Manual.py": "build/lib/DataPipeline/RawLayer/Scada_Manual.py",
    "build\\lib\\DataPipeline\\RawLayer\\__init__.py": "build/lib/DataPipeline/RawLayer/__init__.py",
    "build\\lib\\DataPipeline\\SQLConnection.py": "build/lib/DataPipeline/SQLConnection.py",
    "build\\lib\\DataPipeline\\Schemas.py": "build/lib/DataPipeline/Schemas.py",
    "build\\lib\\DataPipeline\\TableColumn.py": "build/lib/DataPipeline/TableColumn.py",
    "build\\lib\\DataPipeline\\TransactionLog.py": "build/lib/DataPipeline/TransactionLog.py",
    "build\\lib\\DataPipeline\\__init__.py": "build/lib/DataPipeline/__init__.py",
    "build\\lib\\DataPipeline\\main.py": "build/lib/DataPipeline/main.py",
    "build\\lib\\DataPipeline\\mappingtable.py": "build/lib/DataPipeline/mappingtable.py",
    "build\\lib\\DataPipeline\\utils.py": "build/lib/DataPipeline/utils.py",
    "build\\lib\\ciplibrary_model\\DataTypes.py": "build/lib/ciplibrary_model/DataTypes.py",
    "build\\lib\\ciplibrary_model\\EDA.py": "build/lib/ciplibrary_model/EDA.py",
    "build\\lib\\ciplibrary_model\\OEE_Compression_PreProcessing\\APQRFlatFile.py": "build/lib/ciplibrary_model/OEE_Compression_PreProcessing/APQRFlatFile.py",
    "build\\lib\\ciplibrary_model\\OEE_Compression_PreProcessing\\HMIFlatFile.py": "build/lib/ciplibrary_model/OEE_Compression_PreProcessing/HMIFlatFile.py",
    "build\\lib\\ciplibrary_model\\OEE_Compression_PreProcessing\\OEECompressionPreProcessing.py": "build/lib/ciplibrary_model/OEE_Compression_PreProcessing/OEECompressionPreProcessing.py",
    "build\\lib\\ciplibrary_model\\OEE_Compression_PreProcessing\\__init__.py": "build/lib/ciplibrary_model/OEE_Compression_PreProcessing/__init__.py",
    "build\\lib\\ciplibrary_model\\PDP_Plot_Code.py": "build/lib/ciplibrary_model/PDP_Plot_Code.py",
    "build\\lib\\ciplibrary_model\\SQLConnection_DS.py": "build/lib/ciplibrary_model/SQLConnection_DS.py",
    "build\\lib\\ciplibrary_model\\__init__.py": "build/lib/ciplibrary_model/__init__.py",
    "build\\lib\\ciplibrary_model\\assign_variables.py": "build/lib/ciplibrary_model/assign_variables.py",
    "build\\lib\\ciplibrary_model\\coating_function.py": "build/lib/ciplibrary_model/coating_function.py",
    "build\\lib\\ciplibrary_model\\compression_function.py": "build/lib/ciplibrary_model/compression_function.py",
    "build\\lib\\ciplibrary_model\\dataframe_creation.py": "build/lib/ciplibrary_model/dataframe_creation.py",
    "build\\lib\\ciplibrary_model\\granulation_functions.py": "build/lib/ciplibrary_model/granulation_functions.py",
    "build\\lib\\ciplibrary_model\\model_building.py": "build/lib/ciplibrary_model/model_building.py",
    "build\\lib\\ciplibrary_model\\model_building_updated.py": "build/lib/ciplibrary_model/model_building_updated.py",
    "build\\lib\\ciplibrary_model\\pegasus.py": "build/lib/ciplibrary_model/pegasus.py",
    "build\\lib\\ciplibrary_model\\plots.py": "build/lib/ciplibrary_model/plots.py",
    "build\\lib\\ciplibrary_model\\sql_logging\\Model_Ranges.py": "build/lib/ciplibrary_model/sql_logging/Model_Ranges.py",
    "build\\lib\\ciplibrary_model\\sql_logging\\__init__.py": "build/lib/ciplibrary_model/sql_logging/__init__.py",
    "build\\lib\\ciplibrary_model\\sql_logging\\sqlLogger.py": "build/lib/ciplibrary_model/sql_logging/sqlLogger.py",
    "build\\lib\\ciplibrary_model\\utils.py": "build/lib/ciplibrary_model/utils.py",
    "ciplibrary_model.egg-info\\PKG-INFO": "ciplibrary_model.egg-info/PKG-INFO",
    "ciplibrary_model.egg-info\\SOURCES.txt": "ciplibrary_model.egg-info/SOURCES.txt",
    "ciplibrary_model.egg-info\\dependency_links.txt": "ciplibrary_model.egg-info/dependency_links.txt",
    "ciplibrary_model.egg-info\\top_level.txt": "ciplibrary_model.egg-info/top_level.txt",
    "ciplibrary_model\\Adherance\\AdheranceCalculation.py": "ciplibrary_model/Adherance/AdheranceCalculation.py",
    "ciplibrary_model\\Adherance\\functions.py": "ciplibrary_model/Adherance/functions.py",
    "ciplibrary_model\\DataTypes.py": "ciplibrary_model/DataTypes.py",
    "ciplibrary_model\\EDA.py": "ciplibrary_model/EDA.py",
    "ciplibrary_model\\OEE_Compression_PreProcessing\\APQRFlatFile.py": "ciplibrary_model/OEE_Compression_PreProcessing/APQRFlatFile.py",
    "ciplibrary_model\\OEE_Compression_PreProcessing\\Final_code_file.ipynb": "ciplibrary_model/OEE_Compression_PreProcessing/Final_code_file",
    "ciplibrary_model\\OEE_Compression_PreProcessing\\HMIFlatFile.py": "ciplibrary_model/OEE_Compression_PreProcessing/HMIFlatFile.py",
    "ciplibrary_model\\OEE_Compression_PreProcessing\\OEECompressionPreProcessing.py": "ciplibrary_model/OEE_Compression_PreProcessing/OEECompressionPreProcessing.py",
    "ciplibrary_model\\OEE_Compression_PreProcessing\\__init__.py": "ciplibrary_model/OEE_Compression_PreProcessing/__init__.py",
    "ciplibrary_model\\PDP_Plot_Code.py": "ciplibrary_model/PDP_Plot_Code.py",
    "ciplibrary_model\\SQLConnection_DS.py": "ciplibrary_model/SQLConnection_DS.py",
    "ciplibrary_model\\Untitled.ipynb": "ciplibrary_model/Untitled",
    "ciplibrary_model\\Untitled1.ipynb": "ciplibrary_model/Untitled1",
    "ciplibrary_model\\Untitled10.ipynb": "ciplibrary_model/Untitled10",
    "ciplibrary_model\\__init__.py": "ciplibrary_model/__init__.py",
    "ciplibrary_model\\__pycache__\\DataTypes.cpython-39.pyc": "ciplibrary_model/__pycache__/DataTypes.cpython-39.pyc",
    "ciplibrary_model\\__pycache__\\EDA.cpython-39.pyc": "ciplibrary_model/__pycache__/EDA.cpython-39.pyc",
    "ciplibrary_model\\__pycache__\\PDP_Plot_Code.cpython-39.pyc": "ciplibrary_model/__pycache__/PDP_Plot_Code.cpython-39.pyc",
    "ciplibrary_model\\__pycache__\\SQLConnection_DS.cpython-39.pyc": "ciplibrary_model/__pycache__/SQLConnection_DS.cpython-39.pyc",
    "ciplibrary_model\\__pycache__\\__init__.cpython-39.pyc": "ciplibrary_model/__pycache__/__init__.cpython-39.pyc",
    "ciplibrary_model\\__pycache__\\assign_variables.cpython-39.pyc": "ciplibrary_model/__pycache__/assign_variables.cpython-39.pyc",
    "ciplibrary_model\\__pycache__\\coating_function.cpython-39.pyc": "ciplibrary_model/__pycache__/coating_function.cpython-39.pyc",
    "ciplibrary_model\\__pycache__\\compression_function.cpython-39.pyc": "ciplibrary_model/__pycache__/compression_function.cpython-39.pyc",
    "ciplibrary_model\\__pycache__\\dataframe_creation.cpython-39.pyc": "ciplibrary_model/__pycache__/dataframe_creation.cpython-39.pyc",
    "ciplibrary_model\\__pycache__\\granulation_functions.cpython-39.pyc": "ciplibrary_model/__pycache__/granulation_functions.cpython-39.pyc",
    "ciplibrary_model\\__pycache__\\model_building.cpython-39.pyc": "ciplibrary_model/__pycache__/model_building.cpython-39.pyc",
    "ciplibrary_model\\__pycache__\\pegasus.cpython-39.pyc": "ciplibrary_model/__pycache__/pegasus.cpython-39.pyc",
    "ciplibrary_model\\__pycache__\\utils.cpython-39.pyc": "ciplibrary_model/__pycache__/utils.cpython-39.pyc",
    "ciplibrary_model\\application_logging\\__pycache__\\logger.cpython-39.pyc": "ciplibrary_model/application_logging/__pycache__/logger.cpython-39.pyc",
    "ciplibrary_model\\application_logging\\logger.py": "ciplibrary_model/application_logging/logger.py",
    "ciplibrary_model\\assign_variables.py": "ciplibrary_model/assign_variables.py",
    "ciplibrary_model\\ciplibrary\\apifunctions.py": "ciplibrary_model/ciplibrary/apifunctions.py",
    "ciplibrary_model\\ciplibrary\\compressionfunctions.py": "ciplibrary_model/ciplibrary/compressionfunctions.py",
    "ciplibrary_model\\ciplibrary\\dataengineeringfunctions.py": "ciplibrary_model/ciplibrary/dataengineeringfunctions.py",
    "ciplibrary_model\\ciplibrary\\granulationfunctions.py": "ciplibrary_model/ciplibrary/granulationfunctions.py",
    "ciplibrary_model\\ciplibrary\\pegasusfunctions.py": "ciplibrary_model/ciplibrary/pegasusfunctions.py",
    "ciplibrary_model\\ciplibrary\\yieldfunctions.py": "ciplibrary_model/ciplibrary/yieldfunctions.py",
    "ciplibrary_model\\coating_function.py": "ciplibrary_model/coating_function.py",
    "ciplibrary_model\\compression_function.py": "ciplibrary_model/compression_function.py",
    "ciplibrary_model\\dataframe_creation.py": "ciplibrary_model/dataframe_creation.py",
    "ciplibrary_model\\design.txt": "ciplibrary_model/design.txt",
    "ciplibrary_model\\granulation_functions.py": "ciplibrary_model/granulation_functions.py",
    "ciplibrary_model\\model_building.py": "ciplibrary_model/model_building.py",
    "ciplibrary_model\\model_building_updated.py": "ciplibrary_model/model_building_updated.py",
    "ciplibrary_model\\pegasus.py": "ciplibrary_model/pegasus.py",
    "ciplibrary_model\\plots.py": "ciplibrary_model/plots.py",
    "ciplibrary_model\\sql_logging\\Model_Ranges.py": "ciplibrary_model/sql_logging/Model_Ranges.py",
    "ciplibrary_model\\sql_logging\\__init__.py": "ciplibrary_model/sql_logging/__init__.py",
    "ciplibrary_model\\sql_logging\\__pycache__\\__init__.cpython-39.pyc": "ciplibrary_model/sql_logging/__pycache__/__init__.cpython-39.pyc",
    "ciplibrary_model\\sql_logging\\__pycache__\\sqlLogger.cpython-39.pyc": "ciplibrary_model/sql_logging/__pycache__/sqlLogger.cpython-39.pyc",
    "ciplibrary_model\\sql_logging\\sqlLogger.py": "ciplibrary_model/sql_logging/sqlLogger.py",
    "ciplibrary_model\\training_logs\\training_logs1.txt": "ciplibrary_model/training_logs/training_logs1.txt",
    "ciplibrary_model\\utils.py": "ciplibrary_model/utils.py",
    "config.yml": "config.yml",
    "dist\\ciplibrary_model-4.2.3-py3-none-any.whl": "dist/ciplibrary_model-4.2.3-py3-none-any.whl",
    "dist\\ciplibrary_model-4.8.8-py3-none-any.whl": "dist/ciplibrary_model-4.8.8-py3-none-any.whl",
    "dist\\ciplibrary_model-4.8.9-py3-none-any.whl": "dist/ciplibrary_model-4.8.9-py3-none-any.whl",
    "dist\\ciplibrary_model-4.9.1-py3-none-any.whl": "dist/ciplibrary_model-4.9.1-py3-none-any.whl",
    "dist\\ciplibrary_model-4.9.2-py3-none-any.whl": "dist/ciplibrary_model-4.9.2-py3-none-any.whl",
    "dist\\ciplibrary_model-4.9.4-py3-none-any.whl": "dist/ciplibrary_model-4.9.4-py3-none-any.whl",
    "dist\\ciplibrary_model-4.9.6-py3-none-any.whl": "dist/ciplibrary_model-4.9.6-py3-none-any.whl",
    "setup.py": "setup.py",
    "test.py": "test.py",
    "test_DE.py": "test_DE.py"
  },
  "remote_to_local_names": {
    ".gitignore": ".gitignore",
    "DataPipeline/FinalLayer/Coating.py": "DataPipeline\\FinalLayer\\Coating.py",
    "DataPipeline/FinalLayer/Compression.py": "DataPipeline\\FinalLayer\\Compression.py",
    "DataPipeline/FinalLayer/Granulation.py": "DataPipeline\\FinalLayer\\Granulation.py",
    "DataPipeline/FinalLayer/__init__.py": "DataPipeline\\FinalLayer\\__init__.py",
    "DataPipeline/FinalLayer/__pycache__/FinalLayerPipeline.cpython-39.pyc": "DataPipeline\\FinalLayer\\__pycache__\\FinalLayerPipeline.cpython-39.pyc",
    "DataPipeline/ProcessedLayer/ProcessedAPQR.py": "DataPipeline\\ProcessedLayer\\ProcessedAPQR.py",
    "DataPipeline/ProcessedLayer/ProcessedBMRCompression.py": "DataPipeline\\ProcessedLayer\\ProcessedBMRCompression.py",
    "DataPipeline/ProcessedLayer/ProcessedBMRGranulation.py": "DataPipeline\\ProcessedLayer\\ProcessedBMRGranulation.py",
    "DataPipeline/ProcessedLayer/ProcessedScadaAutomate.py": "DataPipeline\\ProcessedLayer\\ProcessedScadaAutomate.py",
    "DataPipeline/ProcessedLayer/ProcessedScadaManual.py": "DataPipeline\\ProcessedLayer\\ProcessedScadaManual.py",
    "DataPipeline/ProcessedLayer/__init__.py": "DataPipeline\\ProcessedLayer\\__init__.py",
    "DataPipeline/RawLayer/Raw_APQR.py": "DataPipeline\\RawLayer\\Raw_APQR.py",
    "DataPipeline/RawLayer/Raw_BMR_Compression.py": "DataPipeline\\RawLayer\\Raw_BMR_Compression.py",
    "DataPipeline/RawLayer/Raw_BMR_Granulation.py": "DataPipeline\\RawLayer\\Raw_BMR_Granulation.py",
    "DataPipeline/RawLayer/Raw_HMI.py": "DataPipeline\\RawLayer\\Raw_HMI.py",
    "DataPipeline/RawLayer/Raw_Ryield.py": "DataPipeline\\RawLayer\\Raw_Ryield.py",
    "DataPipeline/RawLayer/Scada_Automate.py": "DataPipeline\\RawLayer\\Scada_Automate.py",
    "DataPipeline/RawLayer/Scada_Manual.py": "DataPipeline\\RawLayer\\Scada_Manual.py",
    "DataPipeline/RawLayer/__init__.py": "DataPipeline\\RawLayer\\__init__.py",
    "DataPipeline/RawLayer/__pycache__/Raw_BMR_Granulation.cpython-39.pyc": "DataPipeline\\RawLayer\\__pycache__\\Raw_BMR_Granulation.cpython-39.pyc",
    "DataPipeline/RawLayer/__pycache__/Raw_HMI.cpython-39.pyc": "DataPipeline\\RawLayer\\__pycache__\\Raw_HMI.cpython-39.pyc",
    "DataPipeline/RawLayer/__pycache__/__init__.cpython-39.pyc": "DataPipeline\\RawLayer\\__pycache__\\__init__.cpython-39.pyc",
    "DataPipeline/SQLConnection.py": "DataPipeline\\SQLConnection.py",
    "DataPipeline/Schemas.py": "DataPipeline\\Schemas.py",
    "DataPipeline/TableColumn.py": "DataPipeline\\TableColumn.py",
    "DataPipeline/TransactionLog.py": "DataPipeline\\TransactionLog.py",
    "DataPipeline/__init__.py": "DataPipeline\\__init__.py",
    "DataPipeline/__pycache__/SQLConnection.cpython-39.pyc": "DataPipeline\\__pycache__\\SQLConnection.cpython-39.pyc",
    "DataPipeline/__pycache__/Schemas.cpython-39.pyc": "DataPipeline\\__pycache__\\Schemas.cpython-39.pyc",
    "DataPipeline/__pycache__/TableColumn.cpython-39.pyc": "DataPipeline\\__pycache__\\TableColumn.cpython-39.pyc",
    "DataPipeline/__pycache__/__init__.cpython-39.pyc": "DataPipeline\\__pycache__\\__init__.cpython-39.pyc",
    "DataPipeline/__pycache__/main.cpython-39.pyc": "DataPipeline\\__pycache__\\main.cpython-39.pyc",
    "DataPipeline/__pycache__/utils.cpython-39.pyc": "DataPipeline\\__pycache__\\utils.cpython-39.pyc",
    "DataPipeline/layers.txt": "DataPipeline\\layers.txt",
    "DataPipeline/main.py": "DataPipeline\\main.py",
    "DataPipeline/mappingtable.py": "DataPipeline\\mappingtable.py",
    "DataPipeline/utils.py": "DataPipeline\\utils.py",
    "README.md": "README.md",
    "build/lib/DataPipeline/FinalLayer/Coating.py": "build\\lib\\DataPipeline\\FinalLayer\\Coating.py",
    "build/lib/DataPipeline/FinalLayer/Compression.py": "build\\lib\\DataPipeline\\FinalLayer\\Compression.py",
    "build/lib/DataPipeline/FinalLayer/Granulation.py": "build\\lib\\DataPipeline\\FinalLayer\\Granulation.py",
    "build/lib/DataPipeline/FinalLayer/__init__.py": "build\\lib\\DataPipeline\\FinalLayer\\__init__.py",
    "build/lib/DataPipeline/ProcessedLayer/ProcessedAPQR.py": "build\\lib\\DataPipeline\\ProcessedLayer\\ProcessedAPQR.py",
    "build/lib/DataPipeline/ProcessedLayer/ProcessedBMRCompression.py": "build\\lib\\DataPipeline\\ProcessedLayer\\ProcessedBMRCompression.py",
    "build/lib/DataPipeline/ProcessedLayer/ProcessedBMRGranulation.py": "build\\lib\\DataPipeline\\ProcessedLayer\\ProcessedBMRGranulation.py",
    "build/lib/DataPipeline/ProcessedLayer/ProcessedScadaAutomate.py": "build\\lib\\DataPipeline\\ProcessedLayer\\ProcessedScadaAutomate.py",
    "build/lib/DataPipeline/ProcessedLayer/ProcessedScadaManual.py": "build\\lib\\DataPipeline\\ProcessedLayer\\ProcessedScadaManual.py",
    "build/lib/DataPipeline/ProcessedLayer/__init__.py": "build\\lib\\DataPipeline\\ProcessedLayer\\__init__.py",
    "build/lib/DataPipeline/RawLayer/Raw_APQR.py": "build\\lib\\DataPipeline\\RawLayer\\Raw_APQR.py",
    "build/lib/DataPipeline/RawLayer/Raw_BMR_Compression.py": "build\\lib\\DataPipeline\\RawLayer\\Raw_BMR_Compression.py",
    "build/lib/DataPipeline/RawLayer/Raw_BMR_Granulation.py": "build\\lib\\DataPipeline\\RawLayer\\Raw_BMR_Granulation.py",
    "build/lib/DataPipeline/RawLayer/Raw_HMI.py": "build\\lib\\DataPipeline\\RawLayer\\Raw_HMI.py",
    "build/lib/DataPipeline/RawLayer/Raw_Ryield.py": "build\\lib\\DataPipeline\\RawLayer\\Raw_Ryield.py",
    "build/lib/DataPipeline/RawLayer/Scada_Automate.py": "build\\lib\\DataPipeline\\RawLayer\\Scada_Automate.py",
    "build/lib/DataPipeline/RawLayer/Scada_Manual.py": "build\\lib\\DataPipeline\\RawLayer\\Scada_Manual.py",
    "build/lib/DataPipeline/RawLayer/__init__.py": "build\\lib\\DataPipeline\\RawLayer\\__init__.py",
    "build/lib/DataPipeline/SQLConnection.py": "build\\lib\\DataPipeline\\SQLConnection.py",
    "build/lib/DataPipeline/Schemas.py": "build\\lib\\DataPipeline\\Schemas.py",
    "build/lib/DataPipeline/TableColumn.py": "build\\lib\\DataPipeline\\TableColumn.py",
    "build/lib/DataPipeline/TransactionLog.py": "build\\lib\\DataPipeline\\TransactionLog.py",
    "build/lib/DataPipeline/__init__.py": "build\\lib\\DataPipeline\\__init__.py",
    "build/lib/DataPipeline/main.py": "build\\lib\\DataPipeline\\main.py",
    "build/lib/DataPipeline/mappingtable.py": "build\\lib\\DataPipeline\\mappingtable.py",
    "build/lib/DataPipeline/utils.py": "build\\lib\\DataPipeline\\utils.py",
    "build/lib/ciplibrary_model/DataTypes.py": "build\\lib\\ciplibrary_model\\DataTypes.py",
    "build/lib/ciplibrary_model/EDA.py": "build\\lib\\ciplibrary_model\\EDA.py",
    "build/lib/ciplibrary_model/OEE_Compression_PreProcessing/APQRFlatFile.py": "build\\lib\\ciplibrary_model\\OEE_Compression_PreProcessing\\APQRFlatFile.py",
    "build/lib/ciplibrary_model/OEE_Compression_PreProcessing/HMIFlatFile.py": "build\\lib\\ciplibrary_model\\OEE_Compression_PreProcessing\\HMIFlatFile.py",
    "build/lib/ciplibrary_model/OEE_Compression_PreProcessing/OEECompressionPreProcessing.py": "build\\lib\\ciplibrary_model\\OEE_Compression_PreProcessing\\OEECompressionPreProcessing.py",
    "build/lib/ciplibrary_model/OEE_Compression_PreProcessing/__init__.py": "build\\lib\\ciplibrary_model\\OEE_Compression_PreProcessing\\__init__.py",
    "build/lib/ciplibrary_model/PDP_Plot_Code.py": "build\\lib\\ciplibrary_model\\PDP_Plot_Code.py",
    "build/lib/ciplibrary_model/SQLConnection_DS.py": "build\\lib\\ciplibrary_model\\SQLConnection_DS.py",
    "build/lib/ciplibrary_model/__init__.py": "build\\lib\\ciplibrary_model\\__init__.py",
    "build/lib/ciplibrary_model/assign_variables.py": "build\\lib\\ciplibrary_model\\assign_variables.py",
    "build/lib/ciplibrary_model/coating_function.py": "build\\lib\\ciplibrary_model\\coating_function.py",
    "build/lib/ciplibrary_model/compression_function.py": "build\\lib\\ciplibrary_model\\compression_function.py",
    "build/lib/ciplibrary_model/dataframe_creation.py": "build\\lib\\ciplibrary_model\\dataframe_creation.py",
    "build/lib/ciplibrary_model/granulation_functions.py": "build\\lib\\ciplibrary_model\\granulation_functions.py",
    "build/lib/ciplibrary_model/model_building.py": "build\\lib\\ciplibrary_model\\model_building.py",
    "build/lib/ciplibrary_model/model_building_updated.py": "build\\lib\\ciplibrary_model\\model_building_updated.py",
    "build/lib/ciplibrary_model/pegasus.py": "build\\lib\\ciplibrary_model\\pegasus.py",
    "build/lib/ciplibrary_model/plots.py": "build\\lib\\ciplibrary_model\\plots.py",
    "build/lib/ciplibrary_model/sql_logging/Model_Ranges.py": "build\\lib\\ciplibrary_model\\sql_logging\\Model_Ranges.py",
    "build/lib/ciplibrary_model/sql_logging/__init__.py": "build\\lib\\ciplibrary_model\\sql_logging\\__init__.py",
    "build/lib/ciplibrary_model/sql_logging/sqlLogger.py": "build\\lib\\ciplibrary_model\\sql_logging\\sqlLogger.py",
    "build/lib/ciplibrary_model/utils.py": "build\\lib\\ciplibrary_model\\utils.py",
    "ciplibrary_model.egg-info/PKG-INFO": "ciplibrary_model.egg-info\\PKG-INFO",
    "ciplibrary_model.egg-info/SOURCES.txt": "ciplibrary_model.egg-info\\SOURCES.txt",
    "ciplibrary_model.egg-info/dependency_links.txt": "ciplibrary_model.egg-info\\dependency_links.txt",
    "ciplibrary_model.egg-info/top_level.txt": "ciplibrary_model.egg-info\\top_level.txt",
    "ciplibrary_model/Adherance/AdheranceCalculation.py": "ciplibrary_model\\Adherance\\AdheranceCalculation.py",
    "ciplibrary_model/Adherance/functions.py": "ciplibrary_model\\Adherance\\functions.py",
    "ciplibrary_model/DataTypes.py": "ciplibrary_model\\DataTypes.py",
    "ciplibrary_model/EDA.py": "ciplibrary_model\\EDA.py",
    "ciplibrary_model/OEE_Compression_PreProcessing/APQRFlatFile.py": "ciplibrary_model\\OEE_Compression_PreProcessing\\APQRFlatFile.py",
    "ciplibrary_model/OEE_Compression_PreProcessing/Final_code_file": "ciplibrary_model\\OEE_Compression_PreProcessing\\Final_code_file.ipynb",
    "ciplibrary_model/OEE_Compression_PreProcessing/HMIFlatFile.py": "ciplibrary_model\\OEE_Compression_PreProcessing\\HMIFlatFile.py",
    "ciplibrary_model/OEE_Compression_PreProcessing/OEECompressionPreProcessing.py": "ciplibrary_model\\OEE_Compression_PreProcessing\\OEECompressionPreProcessing.py",
    "ciplibrary_model/OEE_Compression_PreProcessing/__init__.py": "ciplibrary_model\\OEE_Compression_PreProcessing\\__init__.py",
    "ciplibrary_model/PDP_Plot_Code.py": "ciplibrary_model\\PDP_Plot_Code.py",
    "ciplibrary_model/SQLConnection_DS.py": "ciplibrary_model\\SQLConnection_DS.py",
    "ciplibrary_model/Untitled": "ciplibrary_model\\Untitled.ipynb",
    "ciplibrary_model/Untitled1": "ciplibrary_model\\Untitled1.ipynb",
    "ciplibrary_model/Untitled10": "ciplibrary_model\\Untitled10.ipynb",
    "ciplibrary_model/__init__.py": "ciplibrary_model\\__init__.py",
    "ciplibrary_model/__pycache__/DataTypes.cpython-39.pyc": "ciplibrary_model\\__pycache__\\DataTypes.cpython-39.pyc",
    "ciplibrary_model/__pycache__/EDA.cpython-39.pyc": "ciplibrary_model\\__pycache__\\EDA.cpython-39.pyc",
    "ciplibrary_model/__pycache__/PDP_Plot_Code.cpython-39.pyc": "ciplibrary_model\\__pycache__\\PDP_Plot_Code.cpython-39.pyc",
    "ciplibrary_model/__pycache__/SQLConnection_DS.cpython-39.pyc": "ciplibrary_model\\__pycache__\\SQLConnection_DS.cpython-39.pyc",
    "ciplibrary_model/__pycache__/__init__.cpython-39.pyc": "ciplibrary_model\\__pycache__\\__init__.cpython-39.pyc",
    "ciplibrary_model/__pycache__/assign_variables.cpython-39.pyc": "ciplibrary_model\\__pycache__\\assign_variables.cpython-39.pyc",
    "ciplibrary_model/__pycache__/coating_function.cpython-39.pyc": "ciplibrary_model\\__pycache__\\coating_function.cpython-39.pyc",
    "ciplibrary_model/__pycache__/compression_function.cpython-39.pyc": "ciplibrary_model\\__pycache__\\compression_function.cpython-39.pyc",
    "ciplibrary_model/__pycache__/dataframe_creation.cpython-39.pyc": "ciplibrary_model\\__pycache__\\dataframe_creation.cpython-39.pyc",
    "ciplibrary_model/__pycache__/granulation_functions.cpython-39.pyc": "ciplibrary_model\\__pycache__\\granulation_functions.cpython-39.pyc",
    "ciplibrary_model/__pycache__/model_building.cpython-39.pyc": "ciplibrary_model\\__pycache__\\model_building.cpython-39.pyc",
    "ciplibrary_model/__pycache__/pegasus.cpython-39.pyc": "ciplibrary_model\\__pycache__\\pegasus.cpython-39.pyc",
    "ciplibrary_model/__pycache__/utils.cpython-39.pyc": "ciplibrary_model\\__pycache__\\utils.cpython-39.pyc",
    "ciplibrary_model/application_logging/__pycache__/logger.cpython-39.pyc": "ciplibrary_model\\application_logging\\__pycache__\\logger.cpython-39.pyc",
    "ciplibrary_model/application_logging/logger.py": "ciplibrary_model\\application_logging\\logger.py",
    "ciplibrary_model/assign_variables.py": "ciplibrary_model\\assign_variables.py",
    "ciplibrary_model/ciplibrary/apifunctions.py": "ciplibrary_model\\ciplibrary\\apifunctions.py",
    "ciplibrary_model/ciplibrary/compressionfunctions.py": "ciplibrary_model\\ciplibrary\\compressionfunctions.py",
    "ciplibrary_model/ciplibrary/dataengineeringfunctions.py": "ciplibrary_model\\ciplibrary\\dataengineeringfunctions.py",
    "ciplibrary_model/ciplibrary/granulationfunctions.py": "ciplibrary_model\\ciplibrary\\granulationfunctions.py",
    "ciplibrary_model/ciplibrary/pegasusfunctions.py": "ciplibrary_model\\ciplibrary\\pegasusfunctions.py",
    "ciplibrary_model/ciplibrary/yieldfunctions.py": "ciplibrary_model\\ciplibrary\\yieldfunctions.py",
    "ciplibrary_model/coating_function.py": "ciplibrary_model\\coating_function.py",
    "ciplibrary_model/compression_function.py": "ciplibrary_model\\compression_function.py",
    "ciplibrary_model/dataframe_creation.py": "ciplibrary_model\\dataframe_creation.py",
    "ciplibrary_model/design.txt": "ciplibrary_model\\design.txt",
    "ciplibrary_model/granulation_functions.py": "ciplibrary_model\\granulation_functions.py",
    "ciplibrary_model/model_building.py": "ciplibrary_model\\model_building.py",
    "ciplibrary_model/model_building_updated.py": "ciplibrary_model\\model_building_updated.py",
    "ciplibrary_model/pegasus.py": "ciplibrary_model\\pegasus.py",
    "ciplibrary_model/plots.py": "ciplibrary_model\\plots.py",
    "ciplibrary_model/sql_logging/Model_Ranges.py": "ciplibrary_model\\sql_logging\\Model_Ranges.py",
    "ciplibrary_model/sql_logging/__init__.py": "ciplibrary_model\\sql_logging\\__init__.py",
    "ciplibrary_model/sql_logging/__pycache__/__init__.cpython-39.pyc": "ciplibrary_model\\sql_logging\\__pycache__\\__init__.cpython-39.pyc",
    "ciplibrary_model/sql_logging/__pycache__/sqlLogger.cpython-39.pyc": "ciplibrary_model\\sql_logging\\__pycache__\\sqlLogger.cpython-39.pyc",
    "ciplibrary_model/sql_logging/sqlLogger.py": "ciplibrary_model\\sql_logging\\sqlLogger.py",
    "ciplibrary_model/training_logs/training_logs1.txt": "ciplibrary_model\\training_logs\\training_logs1.txt",
    "ciplibrary_model/utils.py": "ciplibrary_model\\utils.py",
    "config.yml": "config.yml",
    "dist/ciplibrary_model-4.2.3-py3-none-any.whl": "dist\\ciplibrary_model-4.2.3-py3-none-any.whl",
    "dist/ciplibrary_model-4.8.8-py3-none-any.whl": "dist\\ciplibrary_model-4.8.8-py3-none-any.whl",
    "dist/ciplibrary_model-4.8.9-py3-none-any.whl": "dist\\ciplibrary_model-4.8.9-py3-none-any.whl",
    "dist/ciplibrary_model-4.9.1-py3-none-any.whl": "dist\\ciplibrary_model-4.9.1-py3-none-any.whl",
    "dist/ciplibrary_model-4.9.2-py3-none-any.whl": "dist\\ciplibrary_model-4.9.2-py3-none-any.whl",
    "dist/ciplibrary_model-4.9.4-py3-none-any.whl": "dist\\ciplibrary_model-4.9.4-py3-none-any.whl",
    "dist/ciplibrary_model-4.9.6-py3-none-any.whl": "dist\\ciplibrary_model-4.9.6-py3-none-any.whl",
    "setup.py": "setup.py",
    "test.py": "test.py",
    "test_DE.py": "test_DE.py"
  }
}